<?xml version="1.0" encoding="utf-8"?>
<?xml-stylesheet type="text/xsl" href="../../rules/print.xsl" title="Pretty print" ?>
<?xml-stylesheet type="text/css" href="../../rules/rules.css" title="Easy editing stylesheet" ?>
<!--
Galician Disambiguation Rules for LanguageTool
Copyright (C) 2011 Susana Sotelo Docío
-->
<rules lang="gl" xsi:noNamespaceSchemaLocation="../disambiguation.xsd" xmlns:xsi="http://www.w3.org/2001/XMLSchema-instance" xmlns:xs="http://www.w3.org/2001/XMLSchema">

  <unification feature="number">
    <equivalence type="singular">
      <token postag="(N..|[ADP]...|V....)S.*" postag_regexp="yes"></token>
    </equivalence>

    <equivalence type="plural">
      <token postag="(N..|[ADP]...|V....)P.*" postag_regexp="yes"></token>
    </equivalence>
  </unification>

  <unification feature="gender">
    <equivalence type="masc">
      <token postag="(N.|[ADP]..|V...)[MC].*" postag_regexp="yes"></token>
    </equivalence>

    <equivalence type="fem">
      <token postag="(N.|[ADP]..|V...)[FC].*" postag_regexp="yes"></token>
    </equivalence>
  </unification>

  <unification feature="person">
    <equivalence type="first">
      <token postag="(V...|PP)1.*" postag_regexp="yes"></token>
    </equivalence>
    <equivalence type="second">
      <token postag="(V...|PP)2.*" postag_regexp="yes"></token>
    </equivalence>
    <equivalence type="third">
      <token postag="(V...|PP)3.*" postag_regexp="yes"></token>
    </equivalence>
  </unification>

  <rule id="DET_SUBST_ADX" name="det + subst + adx (unify)">
    <pattern mark_from="0" mark_to="0">
      <unify>
        <feature id="gender"></feature>
        <feature id="number"></feature>

        <token postag="D.*" postag_regexp="yes"></token>
        <token postag="N.*" postag_regexp="yes"></token>
        <token postag="A.*" postag_regexp="yes"></token>
      </unify>
    </pattern>

    <disambig action="unify"></disambig>
  </rule>

  <rule id="DET_SUBST" name="det|pron + subst|adx (det + subst|adx)">
    <pattern mark="1">
      <token><exception postag="V.*" postag_regexp="yes"></exception></token>
      <token postag="D.*" postag_regexp="yes"></token>
      <token postag="[NA].*" postag_regexp="yes"><exception postag="V.*" postag_regexp="yes"></exception></token>
    </pattern>

    <disambig action="filter" postag="D.*"></disambig>
  </rule>

  <rule id="VOGAIS" name="[^o|letra] e[subst|conx] (e[subst])">
    <pattern mark="1">
      <token><exception regexp="yes">o|letra|vogal</exception></token>
      <token regexp="yes">[aeo]</token>
    </pattern>

    <disambig action="remove"><wd pos="NCMS000"/></disambig>
  </rule>

  <rulegroup id="PERIFRASES" name="perífrases de infinitivo">
  <rule>
    <pattern mark="2">
      <token inflected="yes" regexp="yes">haber|ter</token>
      <token>que</token>
      <token postag="VMN0000"><exception negate_pos="yes" postag="V.*" postag_regexp="yes"/></token>
    </pattern>

    <disambig postag="VMN0000"></disambig>
  </rule>
  <rule>
    <pattern mark="2">
      <token inflected="yes" regexp="yes">estar|andar|levar|continuar|seguir|ser|botar|comezar|pegar|vir|chegar|voltar|tornar|romper|pór|poñer</token>
      <token>a</token>
      <token postag="VMN0000"><exception negate_pos="yes" postag="V.*" postag_regexp="yes"/></token>
    </pattern>

    <disambig postag="VMN0000"></disambig>
  </rule>
  <rule>
    <pattern mark="2">
      <token inflected="yes" regexp="yes">deber|haber|deixar|parar|acabar|rematar|terminar|vir|ter</token>
      <token>de</token>
      <token postag="VMN0000"><exception negate_pos="yes" postag="V.*" postag_regexp="yes"/></token>
    </pattern>

    <disambig postag="VMN0000"></disambig>
  </rule>
  <rule>
    <pattern mark="2">
      <token inflected="yes">acabar</token>
      <token>por</token>
      <token postag="VMN0000"><exception negate_pos="yes" postag="V.*" postag_regexp="yes"/></token>
    </pattern>

    <disambig postag="VMN0000"></disambig>
  </rule>
  <rule>
    <pattern mark="2">
      <token inflected="yes">estar</token>
      <token>para</token>
      <token postag="VMN0000"><exception negate_pos="yes" postag="V.*" postag_regexp="yes"/></token>
    </pattern>

    <disambig postag="VMN0000"></disambig>
  </rule>
  <rule>
    <pattern mark="2">
      <token inflected="yes" regexp="yes">dar</token>
      <token>en</token>
      <token postag="VMN0000"><exception negate_pos="yes" postag="V.*" postag_regexp="yes"/></token>
    </pattern>

    <disambig postag="VMN0000"></disambig>
  </rule>
  <rule>
    <pattern mark="1">
      <token inflected="yes" regexp="yes">querer|ir|deber|haber|poder|volver|adoitar|acostumar</token>
      <token postag="VMN0000"><exception negate_pos="yes" postag="V.*" postag_regexp="yes"/></token>
    </pattern>

    <disambig postag="VMN0000"></disambig>
  </rule>
  </rulegroup>

</rules>
