<?xml version="1.0" encoding="utf-8"?>
<!--
French Disambiguation Rules for LanguageTool
Copyright (C) 2007 Agnès Souque, 2011 Dominique Pellé
$Id$
-->

<!-- ported from Myriam's Gramadoir rules -->

<!--
RP => Règles Particulières
RD => Règles par Défaut
RB => Règles Brutes
-->
<rules lang="fr" xmlns:xsi="http://www.w3.org/2001/XMLSchema-instance"
         xsi:noNamespaceSchemaLocation="../disambiguation.xsd">
  <unification feature="number">
    <equivalence type="sg">
      <token postag=".* sp?" postag_regexp="yes"/>
    </equivalence>
    <equivalence type="pl">
      <token postag=".* s?p" postag_regexp="yes"/>
    </equivalence>
  </unification>
  <unification feature="gender">
    <equivalence type="masc">
      <token postag=".* [me] [sp][sp]?" postag_regexp="yes"/>
    </equivalence>
    <equivalence type="fem">
      <token postag=".* [fe] [sp][sp]?" postag_regexp="yes"/>
    </equivalence>
  </unification>

  <!-- Words not tagged in dicollecte -->
  <rule name="adverbes" id="ADVERBES">
    <pattern mark="0">
      <token regexp="yes">trop|peu|beaucoup|assez|fort|peut-être</token>
    </pattern>
    <disambig postag="A"/>
  </rule>

  <rule name="la (nom)" id="LA_N">
    <pattern mark="1">
      <token regexp="yes">un|les?|ce|du|des</token>
      <token>la</token>
    </pattern>
    <disambig postag="N m sp"/>
  </rule>
  <rule name="est" id="EST">
    <pattern mark="2">
      <token regexp="yes">[dl]</token>
      <token regexp="yes">[’´'‛′‘]</token>
      <token>est</token>
    </pattern>
    <disambig postag="N m s"/>
  </rule>

  <rule name="la (pronom pers))" id="LA_R">
    <pattern mark="1">
      <token postag="R pers suj.*" postag_regexp="yes"/>
      <token>la</token>
    </pattern>
    <disambig postag="R pers obj 3 f s"/>
  </rule>

  <rule name="la (déterminant)" id="LA_D">
    <pattern mark="0">
      <and>
        <token>la</token>
        <token postag="D f s"/>
      </and>
    </pattern>
    <disambig postag="D f s"/>
  </rule>

  <rulegroup name="été (nom)" id="ETE">
    <rule>
      <pattern mark="1">
        <token regexp="yes">cet|en|un</token>
        <token>été</token>
      </pattern>
    <disambig postag="N m s"/>
    </rule>
    <rule>
      <pattern mark="2">
        <token>l</token>
        <token regexp="yes">[’´'‛′‘]</token>
        <token>été</token>
      </pattern>
    <disambig postag="N m s"/>
    </rule>
  </rulegroup>

  <rule name="quelque chose" id="QUELQUE_CHOSE">
    <pattern mark="1">
      <token>quelque</token>
      <token>chose</token>
    </pattern>
    <disambig postag="N m s"/>
  </rule>

  <rulegroup name="RP : Pronoms personnels objets" id="RP-PRO_PERS_OBJ">
    <rule name="nous">
      <pattern mark="1">
        <token postag="R pers .*" postag_regexp="yes"/>
        <token>nous</token>
      </pattern>
      <disambig postag="R pers obj 1 p"/>
    </rule>
    <rule name="le bus nous">
      <pattern mark="3">
        <token postag="SENT_START|M fin .*" postag_regexp="yes" skip="1"/>
        <token postag="D.*" postag_regexp="yes"/>
        <token postag="N.*" postag_regexp="yes"/>
        <token>nous</token>
      </pattern>
      <disambig postag="R pers obj 1 p"/>
    </rule>
    <rule name="qui nous">
      <pattern mark="1">
        <token regexp="yes">à|qui|de|ne|chez|sur|sans|entre|parmi|tout|pour</token>
        <token>nous</token>
      </pattern>
      <disambig postag="R pers obj 1 p"/>
    </rule>
    <rule name="Robert nous">
      <pattern mark="2">
        <token postag="SENT_START" skip="1"/>
        <token postag="Z.*" postag_regexp="yes"/>
        <token>nous</token>
      </pattern>
      <disambig postag="R pers obj 1 p"/>
    </rule>
    <rule name="quelqu'un nous">
      <pattern mark="3">
        <token>quelqu</token>
        <token regexp="yes">[’´'‛′‘]</token>
        <token regexp="yes">une?s?</token>
        <token>nous</token>
      </pattern>
      <disambig postag="R pers obj 1 p"/>
    </rule>
    <rule name="ça nous">
      <pattern mark="2">
        <token postag="SENT_START|M nonfin" postag_regexp="yes" skip="1"/>
        <token regexp="yes">ça|cela|ceci|ceux-ci|celles?-ci<exception scope="previous" postag="P"/></token>
        <token>nous</token>
      </pattern>
      <disambig postag="R pers obj 1 p"/>
    </rule>
    <rule name="que ça nous">
      <pattern mark="2">
        <token regexp="yes">quand|que|si|lorsque|où</token>
        <token regexp="yes">ça|cela|ceci|ceux-ci|celles?-ci</token>
        <token>nous</token>
      </pattern>
      <disambig postag="R pers obj 1 p"/>
    </rule>
    <rule name="sans_même nous">
      <pattern mark="2">
        <token>sans</token>
        <token>même</token>
        <token>nous</token>
      </pattern>
      <disambig postag="R pers obj 1 p"/>
    </rule>
    <rule name="L'homme nous parle">
      <pattern mark="1">
        <token postag="N . s" postag_regexp="yes"/>
        <token regexp="yes">vous|nous</token>
        <token postag="V .* 3 s" postag_regexp="yes"/>
      </pattern>
      <disambig action="filter" postag="R pers obj .*"/>
      <example type="ambiguous" inputform="nous[nous/R pers obj 1 p,nous/R pers suj 1 p]" outputform="nous[nous/R pers obj 1 p]">L'homme <marker>nous</marker> parle de sa vie.</example>
      <example type="untouched">La plupart du temps nous sommes dans le développement d'une expertise...</example>
    </rule>
    <rule name="Les études nous ont...">
      <pattern mark="1">
        <token postag="N . p" postag_regexp="yes"/>
        <token regexp="yes">vous|nous</token>
        <token postag="V .* 3 p" postag_regexp="yes"/>
      </pattern>
      <disambig action="filter" postag="R pers obj .*"/>
      <example type="ambiguous" inputform="nous[nous/R pers obj 1 p,nous/R pers suj 1 p]" outputform="nous[nous/R pers obj 1 p]">Les études <marker>nous</marker> ont révélé...</example>
      <example type="untouched">La plupart du temps nous sommes dans le développement d'une expertise...</example>
    </rule>
    <rule name="puis-je vous">
      <pattern mark="1">
        <token regexp="yes">.*-(je|tu|ils?|elles?|on|vous|nous)</token>
        <token>vous</token>
      </pattern>
      <disambig postag="R pers obj 2 p"/>
    </rule>
    <rule name="puis-je nous">
      <pattern mark="1">
        <token regexp="yes">.*-(je|tu|ils?|elles?|on|vous|nous)</token>
        <token>nous</token>
      </pattern>
      <disambig postag="R pers obj 1 p"/>
    </rule>
    <rule name="vous">
      <pattern mark="1">
        <token postag="R pers .*" postag_regexp="yes"/>
        <token>vous</token>
      </pattern>
      <disambig postag="R pers obj 2 p"/>
    </rule>
    <rule name="le bus vous">
      <pattern mark="3">
        <token postag="SENT_START|M fin .*" postag_regexp="yes" skip="1"/>
        <token postag="D.*" postag_regexp="yes"/>
        <token postag="N.*" postag_regexp="yes"/>
        <token>vous</token>
      </pattern>
      <disambig postag="R pers obj 2 p"/>
    </rule>
    <rule name="qui vous">
      <pattern mark="1">
        <token regexp="yes">à|qui|de|ne|chez|sur|sans|entre|parmi|tout|pour</token>
        <token>vous</token>
      </pattern>
      <disambig postag="R pers obj 2 p"/>
    </rule>
    <rule name="Robert vous">
      <pattern mark="2">
        <token postag="SENT_START" skip="1"/>
        <token postag="Z.*" postag_regexp="yes"/>
        <token>vous</token>
      </pattern>
      <disambig postag="R pers obj 2 p"/>
    </rule>
    <rule name="quelqu'un vous">
      <pattern mark="3">
        <token>quelqu</token>
        <token regexp="yes">[’´'‛′‘]</token>
        <token regexp="yes">une?s?</token>
        <token>vous</token>
      </pattern>
      <disambig postag="R pers obj 2 p"/>
    </rule>
    <rule name="ça vous">
      <pattern mark="2">
        <token postag="SENT_START|M nonfin" postag_regexp="yes" skip="1"/>
        <token regexp="yes">ça|cela|ceci|ceux-ci|celles?-ci<exception scope="previous" postag="P"/></token>
        <token>vous</token>
      </pattern>
      <disambig postag="R pers obj 2 p"/>
    </rule>
    <rule name="que ça vous">
      <pattern mark="2">
        <token regexp="yes">quand|que|si|lorsque|où</token>
        <token regexp="yes">ça|cela|ceci|ceux-ci|celles?-ci</token>
        <token>vous</token>
      </pattern>
      <disambig postag="R pers obj 2 p"/>
    </rule>
    <rule name="sans_même vous">
      <pattern mark="2">
        <token>sans</token>
        <token>même</token>
        <token>vous</token>
      </pattern>
      <disambig postag="R pers obj 2 p"/>
    </rule>
    <rule name="se">
      <pattern mark="0">
        <token>s</token>
        <token postag=".*" postag_regexp="yes"/> 
        <token postag="V.*" postag_regexp="yes"/>
      </pattern>
      <disambig postag="R pers obj 3 sp"/>
    </rule>
    <rule name="te">
      <pattern mark="0">
        <token>t</token>
        <token postag=".*" postag_regexp="yes"/>
        <token postag="V.*" postag_regexp="yes"/>
      </pattern>
      <disambig postag="R pers obj 2 s"/>
    </rule>
    <rule name="m'">
      <pattern mark="0">
        <token>m</token>
        <token postag=".*" postag_regexp="yes"/>
        <token postag="V.*" postag_regexp="yes"/>
      </pattern>
      <disambig postag="R pers obj 1 s"/>
    </rule>

    <rule name="lui">
      <pattern mark="0">
        <token>lui</token>
      </pattern>
      <disambig postag="R 3 s"/>
    </rule>
    <rule name="lui (R pers)">
      <pattern mark="1">
        <token regexp="yes">[lnj]e|tu|ils?|elles?|on|[nv]ous|la</token>
        <token>lui</token>
      </pattern>
      <disambig postag="R pers obj 3 m s"/>
    </rule>

    <rule>
      <pattern mark="1">
        <token postag="[NZR].*" postag_regexp="yes"/>
        <token>leur</token>
      </pattern>
      <disambig postag="R pers obj 3 p"/>
    </rule>
    <rule>
      <pattern mark="1">
        <token>ne</token>
        <token>leur</token>
      </pattern>
      <disambig postag="R pers obj 3 p"/>
    </rule>
    <rule>
      <pattern mark="0">
        <token postag="D e s">leur</token>
        <token postag="[NJ].*" postag_regexp="yes"/>
      </pattern>
      <disambig postag="D e s"/>
    </rule>

    <rule name="le/la/les/l'">
      <pattern mark="1">
        <token postag="R pers suj .*" postag_regexp="yes"/>
        <token postag="R pers obj .*" postag_regexp="yes" regexp="yes">l|la|le|les</token>
      </pattern>
      <disambig><match no="2" postag_regexp="yes" postag="R pers obj .*"/></disambig>
    </rule>
    <rule name="ne + le/la/les/l'">
      <pattern mark="2">
        <token postag="R pers suj .*" postag_regexp="yes"/>
        <token>ne</token>
        <token postag="R pers obj .*" postag_regexp="yes" regexp="yes">l|la|le|les</token>
      </pattern>
      <disambig><match no="3" postag_regexp="yes" postag="R pers obj .*"/></disambig>
    </rule>
  </rulegroup>

  <rulegroup name="RP : Pronoms personnels sujets" id="RP-PRO_PERS_SUJ">
    <rule name="j'">
      <pattern mark="0">
        <token>j</token>
      </pattern>
      <disambig postag="R pers suj 1 s"/>
    </rule>

    <rule name="tu">
      <pattern mark="0">
        <token>tu</token>
        <token postag="V.*" postag_regexp="yes"/>
      </pattern>
      <disambig postag="R pers suj 2 s"/>
    </rule>
    <rule name="tu te/ne">
      <pattern mark="0">
        <token>tu</token>
        <token regexp="yes">[mntl]e?|la|lui|leur|[nv]ous</token>
      </pattern>
      <disambig postag="R pers suj 2 s"/>
    </rule>

    <rule name="Nous">
      <pattern mark="1">
        <token postag="SENT_START"/>
        <token>nous</token>
      </pattern>
      <disambig postag="R pers suj 1 p"/>
    </rule>

    <rule name="Vous">
      <pattern mark="1">
        <token postag="SENT_START"/>
        <token>vous</token>
      </pattern>
      <disambig postag="R pers suj 2 p"/>
    </rule>

  </rulegroup>

  <rulegroup name="RP : étais" id ="RP-ETAIS">
    <rule name="j'étais">
      <pattern mark="1">
        <token postag="R pers suj 1 s" skip="1"/>
        <token>étais</token>
      </pattern>
      <disambig postag="V etre ind impa 1 s"/>
    </rule>
    <rule name="tu étais">
      <pattern mark="1">
        <token skip="1">tu</token>
        <token>étais</token>
      </pattern>
      <disambig postag="V etre ind impa 2 s"/>
    </rule>
  </rulegroup>

  <rulegroup name="ne + verbe" id="NE_V">
    <rule>
      <pattern mark="1">
        <token regexp="yes">ne|je|tu|ils?|on</token>
        <token postag="V.*" postag_regexp="yes"/>
      </pattern>
      <disambig><match no="1" postag_regexp="yes" postag="V.*"/></disambig>
    </rule>
    <rule>
      <pattern mark="2">
        <token>n</token>
        <token regexp="yes">[’´'‛′‘]</token>
        <token postag="V.*" postag_regexp="yes"/>
      </pattern>
      <disambig><match no="2" postag_regexp="yes" postag="V.*"/></disambig>
    </rule>
  </rulegroup>

  <rulegroup id="SON" name="non (nom)">
    <rule>
      <pattern mark="1">
        <token regexp="yes">le|un|au|[mts]on</token>
        <token>son</token>
      </pattern>
      <disambig postag="N m s"/>
    </rule>
    <rule>
      <pattern mark="0">
        <token>son</token>
        <token>de</token>
        <token regexp="yes">cloches?</token>
      </pattern>
      <disambig postag="N m s"/>
    </rule>
    <rule>
      <pattern mark="0">
        <token>son</token>
        <token>d</token>
        <token regexp="yes">[’´'‛′‘]</token>
        <token regexp="yes">instruments?</token>
      </pattern>
      <disambig postag="N m s"/>
    </rule>
  </rulegroup>

  <rule name ="RP : En + participe présent" id="RP-EN_VPPR">
    <pattern mark="1">
      <token>en</token>
      <token postag="V ppr"/>
    </pattern>
    <disambig><match no="1" postag="V ppr"/></disambig>
  </rule>

  <rulegroup name="RP : mon/ton/son" id="RP-MON_TON_SON">
    <rule name="mon">
      <pattern mark="0">
        <token regexp="yes" postag="N m s" negate_pos="yes">mon|ton|son</token>
      </pattern>
      <disambig postag="D e s"/>
    </rule>
  </rulegroup>

  <rulegroup name="RP : Négation" id="RP-NEGATION">
    <rule name="pas">
      <pattern mark="1">
        <token regexp="yes" skip="3">ne|n</token>
        <token regexp="yes">pas|point|plus|jamais</token>
      </pattern>
      <disambig postag="A"/>
    </rule>
    <rule name="ne">
      <pattern mark="0">
        <token regexp="yes" skip="3">ne?</token>
        <token regexp="yes">pas|point|plus|jamais</token>
      </pattern>
      <disambig postag="A"/>
    </rule>
  </rulegroup>

  <rulegroup name="RP : Infinitif ambigu" id="RP-INFINITIF">
    <rule name="Infinitif être">
      <pattern mark="1">
        <token postag="V.*" postag_regexp="yes"/>
        <token postag="V etre inf"/>
      </pattern>
      <disambig postag="V etre inf"/>
    </rule>
    <rule name="Infinitif avoir">
      <pattern mark="1">
        <token postag="V .*" postag_regexp="yes"/>
        <token postag="V avoir inf"/>
      </pattern>
      <disambig postag="V avoir inf"/>
    </rule>
  </rulegroup>

    <rule name="RP : Det + Adj ambigu + Nom" id="RP-D_J_AMBIG_N">
      <pattern mark_from="0" mark_to="0">
      <unify>  <feature id="number"/> <feature id="gender"/>
        <token postag="D.*" postag_regexp="yes"/>
        <token postag="J.*" postag_regexp="yes"/>
        <token postag="N.*" postag_regexp="yes"><exception regexp="yes">dans|envers</exception><exception inflected="yes" regexp="yes">avoir|être</exception></token>
      </unify>
      </pattern>
      <disambig action="unify"/>
    </rule>
    <rule name="RP : Det + Nom ambigu" id="RP-D_N_AMBIG">
      <pattern mark_from="0" mark_to="0">
        <unify> <feature id="number"/> <feature id="gender"/>
        <token postag="D.*" postag_regexp="yes"/>
        <token postag="N.*" postag_regexp="yes"><exception regexp="yes">dans|envers</exception></token>
        </unify>
      </pattern>
      <disambig action="unify"/>
      <example type="untouched">Ils sont parti.</example>
      <example type="ambiguous" inputform="livre[livre/N e s,livrer/V imp pres 2 s,livrer/V ind pres 1 s,livrer/V ind pres 3 s,livrer/V sub pres 1 s,livrer/V sub pres 3 s]" outputform="livre[livre/N e s]">Il a enfin publié son <marker>livre</marker>.</example>
    </rule>

  <rulegroup name="RP : Etre/avoir + participe passé ambigu" id="RP-ÊTRE_AVOIR_VPPA_AMBIG">
    <rule name="ppa masc sing">
      <pattern mark="1">
        <token postag="V etre .*|V avoir .*" postag_regexp="yes" skip="2"/>
        <token postag="V ppa .*" postag_regexp="yes"/>
      </pattern>
      <disambig><match no="2" postag_regexp="yes" postag="V ppa .*"/></disambig>
    </rule>
    <rule name="avoir été">
      <pattern mark="1">
        <token postag="V avoir .*" postag_regexp="yes" skip="2"/>
        <token>été</token>
      </pattern>
      <disambig postag="V etre ppa m s"/>
    </rule>
  </rulegroup>

  <rulegroup name="RP : Que" id="RP-QUE">
    <rule name="que relatif">
      <pattern mark="1">
        <token postag="N.*" postag_regexp="yes"/>
        <token regexp="yes">que|qu</token>
      </pattern>
      <disambig postag="R rel e sp"/>
    </rule>
    <rule name="que conjonction sub">
      <pattern mark="1">
        <token postag="V.*|A" postag_regexp="yes"/>
        <token regexp="yes">que|qu</token>
      </pattern>
      <disambig postag="C sub"/>
    </rule>
  </rulegroup>
    <rule name="RP : Indicatif être (suis est sommes)" id="RP-SUIS_EST_SOMMES">
      <pattern mark="1">
        <token postag="R pers suj .*|J.*|N.*|A" postag_regexp="yes"/>
        <token postag="V etre ind pres .*" postag_regexp="yes"/>
      </pattern>
      <disambig><match no="2" postag_regexp="yes" postag="V etre ind pres .*"/></disambig>
    </rule>
    <rule name="RP : Indicatif avoir (as a ont)" id="RP-AS_A_ONT">
      <pattern mark="1">
        <token postag="R pers suj .*|J.*|N.*|A" postag_regexp="yes"/>
        <token postag="V avoir ind pres .*" postag_regexp="yes"/>
      </pattern>
      <disambig><match no="2" postag_regexp="yes" postag="V avoir ind pres .*"/></disambig>
    </rule>
    <rule name="RP : Être + adj ambigu" id="RP-ETRE_ADJ_AMBIG">
      <pattern mark="1">
        <token postag="V etre .*" postag_regexp="yes" skip="2"/>
        <token postag="J.*" postag_regexp="yes"/>
      </pattern>
      <disambig><match no="2" postag_regexp="yes" postag="J.*"/></disambig>
    </rule>
    <rule name="RB : le la les" id="RB-LE_LA_LES">
      <pattern mark="0">
        <token postag="D.*" postag_regexp="yes" regexp="yes">l|la|le|les</token>
      </pattern>
      <disambig><match no="1" postag_regexp="yes" postag="D.*"/></disambig>
    </rule>
    <rule name="RB : Préposition" id="RB-PREPOSITION">
      <pattern mark="0">
        <token postag="P"/>
      </pattern>
      <disambig postag="P"/>
    </rule>
  <rulegroup name="RB : Infinitif" id="RB-INFINITIF">
    <rule name="infinitif être">
      <pattern mark="0">
        <token postag="V etre inf"/>
      </pattern>
      <disambig postag="V etre inf"/>
    </rule>
    <rule name="infinitif avoir">
      <pattern mark="0">
        <token postag="V avoir inf"/>
      </pattern>
      <disambig postag="V avoir inf"/>
    </rule>
  </rulegroup>

  <rulegroup name="RP : a - est" id="RP-A_EST">
    <rule name="a">
      <pattern mark="0">
        <token>a</token>
      </pattern>
      <disambig postag="V avoir ind pres 3 s"/>
    </rule>
    <rule name="est">
      <pattern mark="0">
        <token postag="V.*" postag_regexp="yes">est</token>
      </pattern>
      <disambig postag="V etre ind pres 3 s"/>
    </rule>
  </rulegroup>

  <rule name="RD : ambig Adv/N" id="RD-ADV_NOM">
    <pattern mark="0">
      <and>
        <token postag="A"/>
        <token postag="N.*" postag_regexp="yes"><exception postag="J.*" postag_regexp="yes"/></token>
      </and>
    </pattern>
    <disambig postag="A"/>
  </rule>
 
  <rulegroup name ="RB : Pro pers + V" id="RB-PRO_PERS_V">
    <rule name="je + verbe">
      <pattern mark="1">
        <token>je</token>
        <token postag="V.* 1 s" postag_regexp="yes"/>
      </pattern>
      <disambig action="filter" postag="V.* 1 s"/>
    </rule>
    <rule name="j' + verbe">
      <pattern mark="2">
        <token>j</token>
        <token regexp="yes">[’´'‛′‘]</token>
        <token postag="V.* 1 s" postag_regexp="yes"/>
      </pattern>
      <disambig action="filter" postag="V.* 1 s"/>
    </rule>
    <rule name="tu + verbe">
      <pattern mark="1">
        <token>tu</token>
        <token postag="V.* 2 s" postag_regexp="yes"/>
      </pattern>
      <disambig action="filter" postag="V.* 2 s"/>
    </rule>
    <rule name="ne t' + verbe">
      <pattern mark="3">
        <token>ne<exception scope="previous" postag_regexp="yes" postag="R pers suj.*"/></token>
        <token>t</token>
        <token regexp="yes">[’´'‛′‘]</token>
        <token postag="V.* 2 s" postag_regexp="yes"/>
      </pattern>
      <disambig action="filter" postag="V.* 2 s"/>
    </rule>
    <rule name="il/elle/on + verbe ">
      <pattern mark="1">
        <token regexp="yes">il|elle|on</token>
        <token postag="V.* 3 s" postag_regexp="yes"/>
      </pattern>
      <disambig action="filter" postag="V.* 3 s"/>
    </rule>
    <rule name="ils/elles + verbe ">
      <pattern mark="1">
        <token regexp="yes">ils|elles</token>
        <token postag="V.* 3 p" postag_regexp="yes"/>
      </pattern>
      <disambig action="filter" postag="V.* 3 p"/>
    </rule>
  </rulegroup>

  <rule name="RD : ambig J/N" id="RD-ADJ_NOM">
    <pattern mark="1">
      <token postag="A"/>
      <and>
        <token postag="J.*" postag_regexp="yes"/>
        <token postag="N.*" postag_regexp="yes"/>
      </and>
    </pattern>
    <disambig><match no="1" postag_regexp="yes" postag="J.*"/></disambig>
  </rule>

    <rule name="RB : adverbes" id="RB-ADVERBES">
      <pattern mark="0">
        <token postag="A"/>
      </pattern>
      <disambig postag="A"/>
    </rule>
    <rule name="RB : participes passés" id="RB-PPA">
      <pattern mark="0">
        <token postag="V ppa .*"/>
      </pattern>
      <disambig><match no="1" postag_regexp="yes" postag="V ppa .*"/></disambig>
    </rule>
    <rule name="RB : pronoms relatifs" id="RB-PRO_RELATIFS">
      <pattern mark="0">
        <token postag="R rel .*" postag_regexp="yes"/>
      </pattern>
      <disambig postag="R rel e sp"/>
    </rule>
  <rulegroup name="RD : nombres" id="RD-NOMBRES">
    <rule name="nombres 1">
      <pattern mark="1">
        <token postag=".*" postag_regexp="yes"/>
        <token regexp="yes">[0-9][0-9]*</token>
      </pattern>
      <disambig postag="Y"/>
    </rule>
    <rule name="nombres 1">
      <pattern mark="0">
        <token regexp="yes">[0-9][0-9]*</token>
        <token postag=".*" postag_regexp="yes"/>
      </pattern>
      <disambig postag="Y"/>
    </rule>
  </rulegroup>
    <rule name="RP : gens" id="RP-GENS">
      <pattern mark="0">
        <token>gens</token>
      </pattern>
      <disambig postag="N m p"/>
    </rule>
    <rule name="RP : plus" id="RP-PLUS">
      <pattern mark="0">
        <token>plus</token>
      </pattern>
      <disambig postag="A"/>
    </rule>
    <rule name="RP : moins" id="RP-MOINS">
      <pattern mark="0">
        <token>moins</token>
      </pattern>
      <disambig postag="A"/>
    </rule>
    <rule name="RP : lettre" id="RP-LETTRE">
      <pattern mark="0">
        <token>Lettre</token>
      </pattern>
      <disambig postag="N f s"/>
    </rule>
    <rule name="RP : pour" id="RP-POUR">
      <pattern mark="0">
        <token>pour</token>
      </pattern>
      <disambig postag="P"/>
    </rule>
    <rule name="RP : sur" id="RP-SUR">
      <pattern mark="0">
        <token>sur</token>
      </pattern>
      <disambig postag="P"/>
    </rule>

    <rule name="Tout sauf" id="TOUT_SAUF">
      <pattern mark="1">
        <token>tout</token>
        <token>sauf</token>
      </pattern>
      <disambig postag="P"/>
    </rule>

    <rule name="au + N/V" id="AU_NV">
      <pattern mark="1">
        <token regexp="yes">aux?</token>
        <token postag_regexp="yes" postag="V.*"/>
      </pattern>
      <disambig action="filter"><match no="2" postag="N.*" postag_regexp="yes"/></disambig>
    </rule>

    <rule name="Cela" id="CELA">
      <pattern mark="0">
        <token>Cela<exception scope="previous" regexp="yes">il|elle|on</exception></token>
      </pattern>
      <disambig postag="R dem m s"/>
    </rule>

    <rule name="Nombres + N" id="NOMBRE-N">
      <pattern mark="1">
        <token postag="Y"/>
        <and>
        <token postag_regexp="yes" postag="V .* pres 2 s"/>
        <token postag_regexp="yes" postag="N .* p"/>
        </and>
      </pattern>
      <disambig action="filter"><match no="2" postag="N .* p" postag_regexp="yes"/></disambig>
      <example type="untouched">Tu minutes.</example>
      <example type="ambiguous" inputform="minutes[&lt;/S&gt;,minute/N f p,minuter/V ind pres 2 s,minuter/V sub pres 2 s]" outputform="minutes[&lt;/S&gt;,minute/N f p]">5 <marker>minutes</marker></example>
    </rule>

    <rule name="L'Écosse" id="ECOSSE">
      <pattern case_sensitive="yes">
        <token negate_pos="yes" postag="SENT_START"/>
        <token>Écosse</token>
      </pattern>
      <disambig postag="N f s"/>
    </rule>
    <rule name="Suède" id="SUEDE">
      <pattern case_sensitive="yes">
        <token negate_pos="yes" postag="SENT_START"/>
        <token>Suède</token>
      </pattern>
      <disambig postag="N f s"/>
    </rule>

    <rule name="aura lieu" id="AURA_LIEU">
    <pattern mark="0">
      <token>aura</token>
      <token>lieu</token>
    </pattern>
    <disambig action="filter" postag="V.*"/>
    <example type="ambiguous" inputform="aura[aura/N f s,avoir/V avoir ind futu 3 s]" outputform="aura[avoir/V avoir ind futu 3 s]">La rentrée scolaire <marker>aura</marker> lieu comme prévu la semaine prochaine.</example>
    <example type="untouched">Mon petit conseil pour une belle aura...</example>
    </rule>

    <rule id="MEME_ADV" name="même adverbe">
      <pattern mark="1">
        <token postag="SENT_START|C.*|M nonfin" postag_regexp="yes"/>
        <token>même</token>
      </pattern>
      <disambig postag="A"/>
    </rule>

    <rule id="Pierre" name="Pierre">
      <pattern mark="0" case_sensitive="yes">
        <token regexp="yes">Pierre|Marie</token>
      </pattern>
      <disambig action="filter" postag="Z.*"/>
    </rule>
</rules>
